id,source_name,item_title,item_url,classification,risk_level,last_seen_at,review_status,priority,reviewer_notes,recommended_action
223,Bank of Zambia Regulatory Documents API,"2022-01-01 | Circulars | CB CIRCULAR NO. 13 OF 2022 - REVIEW OF THE DRAFT NATIONAL PAYMENT SYSTEMS VISION AND STRATEGY 2023 - 2027 | Tags: Financial Stability, Banks | File: https://www.boz.zm/sites/default/files/migrated/financial-stability/circulars/banks/2022/CBCIRCULARNO.13OF2022REVIEWOFTHEDRAFT",https://www.boz.zm/sites/default/files/migrated/financial-stability/circulars/banks/2022/CBCIRCULARNO.13OF2022REVIEWOFTHEDRAFTNATIONALPAYMENTSYSTEMSVISIONANDSTRATEGY20232027.pdf,repayment,low,2026-05-09T14:19:25.822410+00:00,reviewed,2,BoZ National Payment Systems Vision and Strategy review signal; useful directionally for 2023-2027 rails roadmap.,"Use as a pointer to locate the full strategy document and extract themes: interoperability, DFS, inclusion, cyber, complaints."
224,Bank of Zambia Regulatory Documents API,"2022-01-01 | Circulars | CB CIRCULAR NO.15 OF 2022 UPDATING OF THE ISO20022 MESSAGE USAGE GUIDELINES FOR THE ZAMBIA INTERBANK PAYMENT AND SETTLEMENT SYSTEM ON SWIFTS MYSTANDARDS PORTAL | Tags: Financial Stability, Banks | File: https://www.boz.zm/sites/default/files/migrated/financial-stability/circ",https://www.boz.zm/sites/default/files/migrated/financial-stability/circulars/banks/2022/CBCIRCULARNO.15OF2022UPDATINGOFTHEISO20022MESSAGEUSAGEGUIDELINESFORTHEZAMBIAINTERBANKPAYMENTANDSETTLEMENTSYSTEMONSWIFTSMYSTANDARDSPORTAL.pdf,repayment,low,2026-05-09T14:19:25.822410+00:00,rejected,3,"Rejected during BoZ payment-rails curation: duplicate, historical background only, institution-specific item, or lower-priority infrastructure noise for this capability line.",Ignore for weekly notes unless a future deep-dive needs historical rail context.
225,Bank of Zambia Regulatory Documents API,"2022-01-01 | Circulars | CB CIRCULAR NO.16 OF 2022 DUE DILIGENCE ON ENTITIES PARTNERED WITH OR ENGAGED TO PROVIDE PAYMENT SERVICES | Tags: Financial Stability, Banks | File: https://www.boz.zm/sites/default/files/migrated/financial-stability/circulars/banks/2022/CBCIRCULARNO.16OF2022DUEDILIGENCEONEN",https://www.boz.zm/sites/default/files/migrated/financial-stability/circulars/banks/2022/CBCIRCULARNO.16OF2022DUEDILIGENCEONENTITIESPARTNEREDWITHORENGAGEDTOPROVIDEPAYMENTSERVICES.pdf,repayment,low,2026-05-09T14:19:25.822410+00:00,reviewed,1,BoZ due diligence signal for entities partnered with or engaged to provide payment services; high relevance to lending partners.,"Translate into a partner-risk research question for mobile money, bank, aggregator, and collection/payment processors."
228,Bank of Zambia Regulatory Documents API,"2021-01-01 | Circulars | CB CIRCULAR NO. 05 OF 2021 AMENDMENTS TO THE ZIPSS OPERATIONAL RULES | Tags: Financial Stability, Banks | File: https://www.boz.zm/sites/default/files/migrated/financial-stability/circulars/banks/2021/CBCIRCULARNO05OF2021AMENDMENTSTOTHEZIPSSOPERATIONALRULES.pdf",https://www.boz.zm/sites/default/files/migrated/financial-stability/circulars/banks/2021/CBCIRCULARNO05OF2021AMENDMENTSTOTHEZIPSSOPERATIONALRULES.pdf,regulatory,low,2026-05-09T14:19:25.822410+00:00,rejected,3,"Rejected during BoZ payment-rails curation: duplicate, historical background only, institution-specific item, or lower-priority infrastructure noise for this capability line.",Ignore for weekly notes unless a future deep-dive needs historical rail context.
229,Bank of Zambia Regulatory Documents API,"2021-01-01 | Circulars | Revised ZIPSS rules April 2021 | Tags: Financial Stability, Banks | File: https://www.boz.zm/sites/default/files/migrated/financial-stability/circulars/banks/2021/RevisedZIPSSrulesApril2021.pdf",https://www.boz.zm/sites/default/files/migrated/financial-stability/circulars/banks/2021/RevisedZIPSSrulesApril2021.pdf,regulatory,low,2026-05-09T14:19:25.822410+00:00,rejected,3,"Rejected during BoZ payment-rails curation: duplicate, historical background only, institution-specific item, or lower-priority infrastructure noise for this capability line.",Ignore for weekly notes unless a future deep-dive needs historical rail context.
230,Bank of Zambia Regulatory Documents API,"2021-01-01 | Circulars | ZIPSS Rules Amendments | Tags: Financial Stability, Banks | File: https://www.boz.zm/sites/default/files/migrated/financial-stability/circulars/banks/2021/ZIPSSRulesAmendments.pdf",https://www.boz.zm/sites/default/files/migrated/financial-stability/circulars/banks/2021/ZIPSSRulesAmendments.pdf,regulatory,low,2026-05-09T14:19:25.822410+00:00,rejected,3,"Rejected during BoZ payment-rails curation: duplicate, historical background only, institution-specific item, or lower-priority infrastructure noise for this capability line.",Ignore for weekly notes unless a future deep-dive needs historical rail context.
231,Bank of Zambia Regulatory Documents API,"2021-01-01 | Circulars | CB CIRCULAR NO. 11 OF 2021: DEPLOYMENT OF ARTIFICIAL INTELLIGENCE IN FINANCIAL CONSUMER COMPLAINTS | Tags: Financial Stability, Banks | File: https://www.boz.zm/sites/default/files/migrated/financial-stability/circulars/banks/2021/CBCIRCULARNO11OF2021DEPLOYMENTOFARTIFICIALIN",https://www.boz.zm/sites/default/files/migrated/financial-stability/circulars/banks/2021/CBCIRCULARNO11OF2021DEPLOYMENTOFARTIFICIALINTELLIGENCEINFINANCIALCONSUMERCOMPLAINTS.pdf,complaint,medium,2026-05-09T14:19:25.822410+00:00,rejected,2,"Rejected during BoZ payment-rails curation: duplicate, historical background only, institution-specific item, or lower-priority infrastructure noise for this capability line.",Ignore for weekly notes unless a future deep-dive needs historical rail context.
232,Bank of Zambia Regulatory Documents API,"2021-01-01 | Circulars | CB CIRCULAR NO. 14 OF 2021 - DEPLOYMENT OF ARTIFICIAL INTELLIGENCE IN FINANCIAL CONSUMER COMPLAINTS - CONSUMER COMPLAINTS DATA | Tags: Financial Stability, Banks | File: https://www.boz.zm/sites/default/files/migrated/financial-stability/circulars/banks/2021/CBCIRCULARNO14OF",https://www.boz.zm/sites/default/files/migrated/financial-stability/circulars/banks/2021/CBCIRCULARNO14OF2021ONDEPLOYMENTOFARTIFICIALINTELLIGENCEINFINANCIALCONSUMERCOMPLAINTSCONSUMERCOMPLAINTSDATA.pdf,complaint,medium,2026-05-09T14:19:25.822410+00:00,rejected,2,"Rejected during BoZ payment-rails curation: duplicate, historical background only, institution-specific item, or lower-priority infrastructure noise for this capability line.",Ignore for weekly notes unless a future deep-dive needs historical rail context.
234,Bank of Zambia Regulatory Documents API,"2021-01-01 | Circulars | CB CIRCULAR NO. 19 OF 2021 - POST IMPLEMENTATION ISSUES ON THE NATIONAL FINANCIAL SWITCH | Tags: Financial Stability, Banks | File: https://www.boz.zm/sites/default/files/migrated/financial-stability/circulars/banks/2021/CBCIRCULARNO.19OF2021POSTIMPLEMENTATIONISSUESONTHENATI",https://www.boz.zm/sites/default/files/migrated/financial-stability/circulars/banks/2021/CBCIRCULARNO.19OF2021POSTIMPLEMENTATIONISSUESONTHENATIONALFINANCIALSWITCH.pdf,regulatory,low,2026-05-09T14:19:25.822410+00:00,reviewed,2,National Financial Switch post-implementation issues signal; relevant to interoperability and operational friction.,"Watch for repeated NFS issues that could affect failed transactions, reversals, and customer support load."
236,Bank of Zambia Regulatory Documents API,"2020-01-01 | Circulars | CB CIRCULAR NO. 07 OF 2020 - REVISION OF THE ZIPSS FEES | Tags: Financial Stability, Banks | File: https://www.boz.zm/sites/default/files/migrated/financial-stability/circulars/banks/2020/CBCIRCULARNO07OF2020REVISIONOFTHEZIPSSFEES.pdf",https://www.boz.zm/sites/default/files/migrated/financial-stability/circulars/banks/2020/CBCIRCULARNO07OF2020REVISIONOFTHEZIPSSFEES.pdf,fees,medium,2026-05-09T14:19:25.822410+00:00,reviewed,2,ZIPSS fees revision signal; payment-rail cost context rather than direct customer-pricing conclusion.,Track as cost-stack input; separate rail fees from borrower-facing fees.
237,Bank of Zambia Regulatory Documents API,"2020-01-01 | Circulars | Prohibition Against Unwarranted Charges and Fees and Regulations of Specific Charges Directives 2020 | Tags: Financial Stability, Banks | File: https://www.boz.zm/sites/default/files/migrated/financial-stability/DirectivesProhibitionAgainstUnwarrantedChargesandFeesandRegulat",https://www.boz.zm/sites/default/files/migrated/financial-stability/DirectivesProhibitionAgainstUnwarrantedChargesandFeesandRegulationsofSpecificChargesDirectives2020.pdf,fees,medium,2026-05-09T14:19:25.822410+00:00,reviewed,1,Unwarranted charges and specific charges directives signal; strong bridge to fees/disclosure in lending ops.,"Map public fee controls to lending product fee disclosure, penalty-fee language, and customer complaint triggers."
238,Bank of Zambia Regulatory Documents API,"2020-01-01 | Circulars | CB CIRCULAR NO.20 OF 2020 TESTING OF THE SADC TRANSACTIONS CLEARED ON IMMEDIATE BASIS CLEARING AND SETTLEMENT MODELS | Tags: Financial Stability, Banks | File: https://www.boz.zm/sites/default/files/migrated/financial-stability/circulars/banks/2020/CBCIRCULARNO20OF2020TESTIN",https://www.boz.zm/sites/default/files/migrated/financial-stability/circulars/banks/2020/CBCIRCULARNO20OF2020TESTINGOFTHESADCTRANSANCTIONSCLEAREDONIMMEDIATEBASISCLEARINGANDSETTLEMENTMODELS.pdf,repayment,low,2026-05-09T14:19:25.822410+00:00,rejected,3,"Rejected during BoZ payment-rails curation: duplicate, historical background only, institution-specific item, or lower-priority infrastructure noise for this capability line.",Ignore for weekly notes unless a future deep-dive needs historical rail context.
239,Bank of Zambia Regulatory Documents API,"2020-01-01 | Circulars | CB CIRCULAR NO.24 OF 2020: GO-LIVE DATES FOR PHASE TWO OF THE NATIONAL FINANCIAL SWITCH | Tags: Financial Stability, Banks | File: https://www.boz.zm/sites/default/files/migrated/financial-stability/circulars/banks/2020/CBCIRCULARNO24OF2020GOLIVEDATESFORPHASETWOOFTHENATIONAL",https://www.boz.zm/sites/default/files/migrated/financial-stability/circulars/banks/2020/CBCIRCULARNO24OF2020GOLIVEDATESFORPHASETWOOFTHENATIONALFINANCIALSWITCH.pdf,regulatory,low,2026-05-09T14:19:25.822410+00:00,reviewed,2,National Financial Switch phase-two go-live signal; historical but useful interoperability milestone.,Use as background for Zambia retail payment interoperability timeline.
242,Bank of Zambia Regulatory Documents API,"2019-01-01 | Circulars | CB CIRCULAR NO. 08 OF 2019: SWIFT STANDARDS RELEASE 2019 AND IMPACT ON THE ZIPSS | Tags: Financial Stability, Banks | File: https://www.boz.zm/sites/default/files/migrated/financial-stability/circulars/banks/2019/CBCIRCULARNO.08OF2019SWIFTSTANDARDSRELEASE2019ANDIMPACTONTHEZI",https://www.boz.zm/sites/default/files/migrated/financial-stability/circulars/banks/2019/CBCIRCULARNO.08OF2019SWIFTSTANDARDSRELEASE2019ANDIMPACTONTHEZIPSS.pdf,regulatory,low,2026-05-09T14:19:25.822410+00:00,rejected,3,"Rejected during BoZ payment-rails curation: duplicate, historical background only, institution-specific item, or lower-priority infrastructure noise for this capability line.",Ignore for weekly notes unless a future deep-dive needs historical rail context.
243,Bank of Zambia Regulatory Documents API,"2019-01-01 | Circulars | CB CIRCULAR NO. 07 OF 2019: EXTENSION OF GO LIVE DATE FOR POINT OF SALE FUNCTIONALITY ON THE NATIONAL FINANCIAL SWITCH | Tags: Financial Stability, Banks | File: https://www.boz.zm/sites/default/files/migrated/financial-stability/circulars/banks/2019/CBCIRCULARNO.07OF2019EXT",https://www.boz.zm/sites/default/files/migrated/financial-stability/circulars/banks/2019/CBCIRCULARNO.07OF2019EXTENSIONOFGOLIVEDATEFORPOINTOFSALEFUNCTIONALITYONTHENATIONALFINANCIALSWITCH.pdf,regulatory,low,2026-05-09T14:19:25.822410+00:00,rejected,3,"Rejected during BoZ payment-rails curation: duplicate, historical background only, institution-specific item, or lower-priority infrastructure noise for this capability line.",Ignore for weekly notes unless a future deep-dive needs historical rail context.
244,Bank of Zambia Regulatory Documents API,"2019-01-01 | Circulars | 2015 Gazzete Notice No 98 of the National Financial Switch | Tags: Financial Stability, Banks | File: https://www.boz.zm/sites/default/files/migrated/financial-stability/circulars/banks/2019/2015GazzeteNoticeNo98oftheNationalFinancialSwitch.pdf",https://www.boz.zm/sites/default/files/migrated/financial-stability/circulars/banks/2019/2015GazzeteNoticeNo98oftheNationalFinancialSwitch.pdf,regulatory,low,2026-05-09T14:19:25.822410+00:00,rejected,3,"Rejected during BoZ payment-rails curation: duplicate, historical background only, institution-specific item, or lower-priority infrastructure noise for this capability line.",Ignore for weekly notes unless a future deep-dive needs historical rail context.
246,Bank of Zambia Regulatory Documents API,"2018-01-01 | Circulars | CB CIRCULAR 01 2018 - NATIONAL PAYMENT SYSTEMS DIRECTIVES ON ELECTRONIC MONEY ISSUANCE 2018 | Tags: Financial Stability, Banks | File: https://www.boz.zm/sites/default/files/migrated/financial-stability/circulars/banks/2018/CBCircularNo.012018NATIONALPAYMENTSYSTEMSDIRECTIVES",https://www.boz.zm/sites/default/files/migrated/financial-stability/circulars/banks/2018/CBCircularNo.012018NATIONALPAYMENTSYSTEMSDIRECTIVESONELECTRONICMONEYISSUANCE2018.pdf,repayment,low,2026-05-09T14:19:25.822410+00:00,reviewed,2,2018 e-money issuance directive signal; historical predecessor to the 2023 directive.,Use only as background when comparing evolution of e-money obligations.
247,Bank of Zambia Regulatory Documents API,"2018-01-01 | Circulars | CB CIRCULAR 10 OF 2018 - DATE OF IMPLEMENTATION OF THE BOZ PROHIBITION AGAINST UNWARRANTED CHARGES AND FEES DIRECTIVES OF 2018 | Tags: Financial Stability, Banks | File: https://www.boz.zm/sites/default/files/migrated/financial-stability/circulars/banks/2018/CBCIRCULARNO.10O",https://www.boz.zm/sites/default/files/migrated/financial-stability/circulars/banks/2018/CBCIRCULARNO.10OF2018-DATEOFIMPLEMENTATIONOFTHEBOZPROHIBITIONAGAINSTUNWARRANTEDCHARGESANDFEESDIRECTIVESOF2018.pdf,fees,medium,2026-05-09T14:19:25.822410+00:00,rejected,2,"Rejected during BoZ payment-rails curation: duplicate, historical background only, institution-specific item, or lower-priority infrastructure noise for this capability line.",Ignore for weekly notes unless a future deep-dive needs historical rail context.
248,Bank of Zambia Regulatory Documents API,"2018-01-01 | Circulars | The Bank of Zambia Prohibition Agasinst Unwarraented Charges and Fees Directives of 2018, Government Gazette No.6693 of 31st August 2018 | Tags: Financial Stability, Banks | File: https://www.boz.zm/sites/default/files/migrated/financial-stability/circulars/banks/2018/TheBan",https://www.boz.zm/sites/default/files/migrated/financial-stability/circulars/banks/2018/TheBankofZambiaProhibitionAgasinstUnwarraentedChargesandFeesDirectivesof2018GovernmentGazetteNo.6693of31stAugust2018.pdf,fees,medium,2026-05-09T14:19:25.822410+00:00,rejected,2,"Rejected during BoZ payment-rails curation: duplicate, historical background only, institution-specific item, or lower-priority infrastructure noise for this capability line.",Ignore for weekly notes unless a future deep-dive needs historical rail context.
194,Bank of Zambia Regulatory Documents API,"2025-01-01 | Circulars | CB Circular No. 04 of 2025 - Mandatory Use of the Montran Gateway on the Zambia Interbank Payment and Settlement System | Tags: Financial Stability, Banks | File: https://www.boz.zm/sites/default/files/migrated/financial-stability/circulars/banks/2025/CBCircularNo.04of2025Ma",https://www.boz.zm/sites/default/files/migrated/financial-stability/circulars/banks/2025/CBCircularNo.04of2025MandatoryUseoftheMontranGatewayontheZambiaInterbankPaymentandSettlementSystem.pdf,repayment,low,2026-05-09T14:19:25.821411+00:00,reviewed,1,Current BoZ circular on mandatory Montran Gateway use for ZIPSS; high relevance to payment rails.,Map this to lending disbursement/repayment rails and ask which partners depend on ZIPSS gateway readiness.
195,Bank of Zambia Regulatory Documents API,"2025-01-01 | Circulars | CB Circular No. 18 of 2025 - Six Day Operations at the BCM Centre for ZIPSS CSD and Bank Supervision Applications | Tags: Financial Stability, Banks | File: https://www.boz.zm/sites/default/files/migrated/financial-stability/circulars/banks/2025/CBCircularNo.18of2025SixDayOp",https://www.boz.zm/sites/default/files/migrated/financial-stability/circulars/banks/2025/CBCircularNo.18of2025SixDayOperationsattheBCMCentreforZIPSSCSDandBankSupervisionApplications.pdf,regulatory,low,2026-05-09T14:19:25.821411+00:00,reviewed,2,Current BoZ circular on six-day operations for ZIPSS/CSD/Bank Supervision applications; availability signal.,"Watch for operating-hours changes that could alter repayment posting, settlement windows, or support coverage."
196,Bank of Zambia Regulatory Documents API,"2025-01-01 | Circulars | CB Circular No. 23/2025 - Revision of Operating Rules for the Zambia Interbank Payment and Settlement | Tags: Financial Stability, Banks | File: https://www.boz.zm/sites/default/files/migrated/financial-stability/circulars/banks/2025/CBCircularNo.23of2025RevisionofOperatingR",https://www.boz.zm/sites/default/files/migrated/financial-stability/circulars/banks/2025/CBCircularNo.23of2025RevisionofOperatingRulesfortheZambiaInterbankPaymentandSettlement.pdf,repayment,low,2026-05-09T14:19:25.821411+00:00,reviewed,1,Current BoZ metadata signal for revised operating rules on Zambia Interbank Payment and Settlement.,Treat as a priority manual-read item; extract any operational obligations affecting settlement timing and exceptions.
197,Bank of Zambia Regulatory Documents API,"2024-01-01 | Circulars | CB Circular No. 09 of 2024 - Zambia Interbank Payment and Settlement System - Investrust Bank Plc | Tags: Financial Stability, Banks | File: https://www.boz.zm/sites/default/files/migrated/financial-stability/circulars/banks/2024/CBCIRCULARNO.09OF2024-ZAMBIAINTERBANKPAYMENTA",https://www.boz.zm/sites/default/files/migrated/financial-stability/circulars/banks/2024/CBCIRCULARNO.09OF2024-ZAMBIAINTERBANKPAYMENTANDSETTLEMENTSYSTEMINVESTRUSTBANKPLC.pdf,repayment,low,2026-05-09T14:19:25.821411+00:00,rejected,3,"Rejected during BoZ payment-rails curation: duplicate, historical background only, institution-specific item, or lower-priority infrastructure noise for this capability line.",Ignore for weekly notes unless a future deep-dive needs historical rail context.
198,Bank of Zambia Regulatory Documents API,"2024-01-01 | Circulars | CB Circular No. 16 of 2024 - Implementation of Extended Operating Hours on the ZIPSS and CSD | Tags: Financial Stability, Banks | File: https://www.boz.zm/sites/default/files/migrated/financial-stability/circulars/banks/2024/CBCircularNo.16of2024ImplementationofExtendedOpera",https://www.boz.zm/sites/default/files/migrated/financial-stability/circulars/banks/2024/CBCircularNo.16of2024ImplementationofExtendedOperatingHoursontheZIPSSandCSD.pdf,regulatory,low,2026-05-09T14:19:25.821411+00:00,reviewed,2,BoZ extended operating-hours signal for ZIPSS/CSD; relevant as rails-availability background.,Compare with lender repayment posting cutoffs and partner bank settlement windows.
210,Bank of Zambia Regulatory Documents API,"2024-01-01 | Circulars | CB Circular No. 20 of 2024 Notification of Change of Service Provider on the ZIPSS CSD and EBoP System Network | Tags: Financial Stability, Banks | File: https://www.boz.zm/sites/default/files/migrated/financial-stability/circulars/banks/2024/CBCircularNo.20of2024Notificatio",https://www.boz.zm/sites/default/files/migrated/financial-stability/circulars/banks/2024/CBCircularNo.20of2024NotificationofChangeofServiceProviderontheZIPSSCSDandEBoPSystemNetwork.pdf,regulatory,low,2026-05-09T14:19:25.821411+00:00,reviewed,2,BoZ change-of-service-provider signal for ZIPSS/CSD/EBoP network; operational dependency watch.,Track as infrastructure/vendor-dependency risk rather than consumer-facing conclusion.
211,Bank of Zambia Regulatory Documents API,"2023-01-01 | Circulars | CB CIRCULAR NO. 07 OF 2023 - UPDATE ON THE IMPLEMENTATION OF SECURITY UPDATES ON THE ZIPSS, CSD AND EBOP NETWORK INFRASTRUCTURE | Tags: Financial Stability, Banks | File: https://www.boz.zm/sites/default/files/migrated/financial-stability/circulars/banks/2023/CBCIRCULARNO.07",https://www.boz.zm/sites/default/files/migrated/financial-stability/circulars/banks/2023/CBCIRCULARNO.07OF2023UPDATEONTHEIMPLEMENTATIONOFSECURITYUPDATESONTHEZIPSSCSDANDEBOPNETWORKINFRASTRUCTURE.pdf,regulatory,low,2026-05-09T14:19:25.821411+00:00,rejected,3,"Rejected during BoZ payment-rails curation: duplicate, historical background only, institution-specific item, or lower-priority infrastructure noise for this capability line.",Ignore for weekly notes unless a future deep-dive needs historical rail context.
212,Bank of Zambia Regulatory Documents API,"2023-01-01 | Circulars | CB CIRCULAR NO. 10 OF 2023 - NATIONAL PAYMENT SYSTEMS COLLATERAL REQUIREMENT FOR NET SETTLEMENT OBLIGATIONS ON PAYMENT SYSTEMS | Tags: Financial Stability, Banks | File: https://www.boz.zm/sites/default/files/migrated/financial-stability/circulars/banks/2023/CBCIRCULARNO.10O",https://www.boz.zm/sites/default/files/migrated/financial-stability/circulars/banks/2023/CBCIRCULARNO.10OF2023NATIONALPAYMENTSYSTEMSCOLLATERALREQUIREMENTFORNETSETTLEMENTOBLIGATIONSONPAYMENTSYSTEMS.pdf,repayment,low,2026-05-09T14:19:25.821411+00:00,rejected,3,"Rejected during BoZ payment-rails curation: duplicate, historical background only, institution-specific item, or lower-priority infrastructure noise for this capability line.",Ignore for weekly notes unless a future deep-dive needs historical rail context.
213,Bank of Zambia Regulatory Documents API,"2023-01-01 | Circulars | CB CIRCULAR NO. 11 OF 2023 - IMPLEMENTATION OF STRAIGHT THROUGH PROCESS FOR GOVERNMENT SECURITIES PAYMENTS | Tags: Financial Stability, Banks | File: https://www.boz.zm/sites/default/files/migrated/financial-stability/circulars/banks/2023/CBCIRCULARNO.11OF2023IMPLEMENTATIONO",https://www.boz.zm/sites/default/files/migrated/financial-stability/circulars/banks/2023/CBCIRCULARNO.11OF2023IMPLEMENTATIONOFSTRAIGHTTHROUGHPROCESSFORGOVERNMENTSECURITIESPAYMENTS.pdf,repayment,low,2026-05-09T14:19:25.821411+00:00,rejected,3,"Rejected during BoZ payment-rails curation: duplicate, historical background only, institution-specific item, or lower-priority infrastructure noise for this capability line.",Ignore for weekly notes unless a future deep-dive needs historical rail context.
214,Bank of Zambia Regulatory Documents API,"2023-01-01 | Circulars | CB CIRCULAR NO. 12 OF 2023 - PARTICIPANTS TRAINING BY MONTRAN ON THE UPGRADED REAL TIME GROSS SETTLEMENT SYSTEM AND CENTRAL SECURITIES DEPOSITORY SYSTEM | Tags: Financial Stability, Banks | File: https://www.boz.zm/sites/default/files/migrated/financial-stability/circulars/b",https://www.boz.zm/sites/default/files/migrated/financial-stability/circulars/banks/2023/CBCIRCULARNO.12OF2023-PARTICIPANTSTRAININGBYMONTRANONTHEUPGRADEDREALTIMEGROSSSETTLEMENTSYSTEMANDCENTRALSECURITIESDEPOSITORYSYSTEM.pdf,regulatory,low,2026-05-09T14:19:25.821411+00:00,rejected,3,"Rejected during BoZ payment-rails curation: duplicate, historical background only, institution-specific item, or lower-priority infrastructure noise for this capability line.",Ignore for weekly notes unless a future deep-dive needs historical rail context.
215,Bank of Zambia Regulatory Documents API,"2023-01-01 | Circulars | CB CIRCULAR NO. 15 OF 2023 - DEPLOYMENT OF ARTIFICIAL INTELLIGENCE IN FINANCIAL COMPLAINT HANDLING - REFRESHER TRAINING IN USER ACCEPTANCE TESTING | Tags: Financial Stability, Banks | File: https://www.boz.zm/sites/default/files/migrated/financial-stability/circulars/banks/2",https://www.boz.zm/sites/default/files/migrated/financial-stability/circulars/banks/2023/CBCIRCULARNO15OF2023DEPLOYMENTOFARTIFICIALINTELLIGENCEINFINANCIALCOMPLAINTHANTDLINGREFRESHERTRAININGINUSERACCEPTANCETESTING.pdf,complaint,medium,2026-05-09T14:19:25.821411+00:00,rejected,2,"Rejected during BoZ payment-rails curation: duplicate, historical background only, institution-specific item, or lower-priority infrastructure noise for this capability line.",Ignore for weekly notes unless a future deep-dive needs historical rail context.
216,Bank of Zambia Regulatory Documents API,"2023-01-01 | Circulars | CB CIRCULAR NO. 16 OF 2023 - BANK OF ZAMBIA CYBER AND INFORMATION RISK MANAGEMENT GUIDELINES | Tags: Financial Stability, Banks | File: https://www.boz.zm/sites/default/files/migrated/financial-stability/circulars/banks/2023/CBCIRCULARNO.16OF2023BANKOFZAMBIACYBERANDINFORMATI",https://www.boz.zm/sites/default/files/migrated/financial-stability/circulars/banks/2023/CBCIRCULARNO.16OF2023BANKOFZAMBIACYBERANDINFORMATIONRISKMANAGEMENTGUIDELINES.pdf,regulatory,low,2026-05-09T14:19:25.821411+00:00,reviewed,1,BoZ Cyber and Information Risk Management Guidelines signal; important for lending-platform operational resilience.,"Map to personal capability checklist: incident response, uptime, access control, vendor risk, and data-security monitoring."
217,Bank of Zambia Regulatory Documents API,"2023-01-01 | Circulars | PROPOSED ZIPSS AND ISO 20022 MIGRATION DETAILED PLAN OF ACTIVITIES_ | Tags: Financial Stability, Banks | File: https://www.boz.zm/sites/default/files/migrated/financial-stability/circulars/banks/2023/PROPOSEDZIPSSANDISO20022MIGRATIONDETAILEDPLANOFACTIVITIES.pdf",https://www.boz.zm/sites/default/files/migrated/financial-stability/circulars/banks/2023/PROPOSEDZIPSSANDISO20022MIGRATIONDETAILEDPLANOFACTIVITIES.pdf,regulatory,low,2026-05-09T14:19:25.821411+00:00,rejected,3,"Rejected during BoZ payment-rails curation: duplicate, historical background only, institution-specific item, or lower-priority infrastructure noise for this capability line.",Ignore for weekly notes unless a future deep-dive needs historical rail context.
218,Bank of Zambia Regulatory Documents API,"2023-01-01 | Circulars | CB CIRCULAR NO.24 OF 2023 NOTIFICATION OF NETWORK INFRASTRUCTURE UP GRADE FOR THE ZIPSS, CSD AND EBOP SYSTEMS | Tags: Financial Stability, Banks | File: https://www.boz.zm/sites/default/files/migrated/financial-stability/circulars/banks/2023/CBCIRCULARNO.24OF2023NOTIFICATION",https://www.boz.zm/sites/default/files/migrated/financial-stability/circulars/banks/2023/CBCIRCULARNO.24OF2023NOTIFICATIONOFNETWORKINFRASTRUCTUREUPGRADEFORTHEZIPSSCSDANDEBOPSYSTEMS.pdf,regulatory,low,2026-05-09T14:19:25.821411+00:00,rejected,3,"Rejected during BoZ payment-rails curation: duplicate, historical background only, institution-specific item, or lower-priority infrastructure noise for this capability line.",Ignore for weekly notes unless a future deep-dive needs historical rail context.
219,Bank of Zambia Regulatory Documents API,"2023-01-01 | Circulars | CB CIRCULAR NO. 25 OF 2023 - RESCHEDULING OF ZIPSS, CSD UPGRADE AND ISO 20022 MIGRATION GO-LIVE DATE | Tags: Financial Stability, Banks | File: https://www.boz.zm/sites/default/files/migrated/financial-stability/circulars/banks/2023/CBCIRCULARNO.25OF2023RESCHEDULINGOFZIPSSCS",https://www.boz.zm/sites/default/files/migrated/financial-stability/circulars/banks/2023/CBCIRCULARNO.25OF2023RESCHEDULINGOFZIPSSCSDUPGRADEANDISO20022MIGRATIONGOLIVEDATE.pdf,regulatory,low,2026-05-09T14:19:25.821411+00:00,rejected,3,"Rejected during BoZ payment-rails curation: duplicate, historical background only, institution-specific item, or lower-priority infrastructure noise for this capability line.",Ignore for weekly notes unless a future deep-dive needs historical rail context.
220,Bank of Zambia Regulatory Documents API,"2023-01-01 | Circulars | CB CIRCULAR NO. 34 OF 2023 - DEPLOYMENT OF ARTIFICIAL INTELLIGENCE IN FINANCIAL COMPLAINT HANDLING - INTEGRATION AND REFRESHER TRAINING IN USER ACCEPTANCE TESTING | Tags: Financial Stability, Banks | File: https://www.boz.zm/sites/default/files/migrated/financial-stability/c",https://www.boz.zm/sites/default/files/migrated/financial-stability/circulars/banks/2023/CBCIRCULARNO.34OF2023DEPLOYMENTOFARTIFICIALINTELLIGENCEINFINANCIALCOMPLAINTHANDLINGINTEGRATIONANDREFRESHERTRAININGINUSERACCEPTANCETESTING.pdf,complaint,medium,2026-05-09T14:19:25.821411+00:00,reviewed,2,BoZ AI-in-financial-complaint-handling signal; useful for market direction around complaint data and automation.,Watch whether AI complaint tooling changes dispute handling norms or regulator expectations for structured complaint data.
221,Bank of Zambia Regulatory Documents API,"2022-01-01 | Circulars | CB CIRCULAR NO. 04 OF 2022 - DEPLOYMENT OF ARTIFICIAL INTELLIGENCE IN FINANCIAL CONSUMER COMPLAINTS HANDLING - NOMINEES TO PARTICIPATE IN USER ACCEPTANCE TESTING | Tags: Financial Stability, Banks | File: https://www.boz.zm/sites/default/files/migrated/financial-stability/ci",https://www.boz.zm/sites/default/files/migrated/financial-stability/circulars/banks/2022/CBCIRCULARNO.04OF2022DEPLOYMENTOFARTIFICIALINTELLIGENCEINFINANCIALCONSUMERCOMPLAINTSHANDLINGNOMINEESTOPARTICIPATEINUSERACCEPTANCETESTING.pdf,complaint,medium,2026-05-09T14:19:25.821411+00:00,rejected,2,"Rejected during BoZ payment-rails curation: duplicate, historical background only, institution-specific item, or lower-priority infrastructure noise for this capability line.",Ignore for weekly notes unless a future deep-dive needs historical rail context.
222,Bank of Zambia Regulatory Documents API,"2022-01-01 | Circulars | CB CIRCULAR NO. 11 OF 2022 - UPGRADE AND ISO 20022 MESSAGING STANDARD MIGRATION FOR THE REAL TIME GROSS SETTLEMENT SYSTEM | Tags: Financial Stability, Banks | File: https://www.boz.zm/sites/default/files/migrated/financial-stability/circulars/banks/2022/CBCIRCULARNO.11OF2022",https://www.boz.zm/sites/default/files/migrated/financial-stability/circulars/banks/2022/CBCIRCULARNO.11OF2022UPGRADEANDISO20022MESSAGINGSTANDARDMIGRATIONFORTHEREALTIMEGROSSSETTLEMENTSYSTEM.pdf,regulatory,low,2026-05-09T14:19:25.821411+00:00,reviewed,2,BoZ RTGS/ISO 20022 migration signal; relevant to payment-message and settlement-system modernization.,Track as rails modernization context; avoid inferring direct lender obligations without reading source PDF.
193,Bank of Zambia Regulatory Documents API,"2025-01-01 | Circulars | Gateway Switching Guide | Tags: Financial Stability, Banks | File: https://www.boz.zm/sites/default/files/migrated/financial-stability/circulars/banks/2025/GatewaySwitchingGuide.pdf",https://www.boz.zm/sites/default/files/migrated/financial-stability/circulars/banks/2025/GatewaySwitchingGuide.pdf,regulatory,low,2026-05-09T14:19:25.820410+00:00,reviewed,2,Current BoZ metadata signal for gateway switching; useful for payment-rail dependency mapping.,"Track whether gateway switching affects settlement dependencies, failed payment handling, or partner bank readiness."
253,Bank of Zambia Regulatory Documents API,"2015-01-01 | Circulars | CB CIRCULAR NO.01/2015 INTEREST OF THE TRUST ACCOUNT FOR ELECTRONIC MONEY ISSUERS | Tags: Financial Stability, Banks | File: https://www.boz.zm/sites/default/files/migrated/financial-stability/circulars/banks/2015/58PSBCircularNo012015.pdf",https://www.boz.zm/sites/default/files/migrated/financial-stability/circulars/banks/2015/58PSBCircularNo012015.pdf,fees,low,2026-05-09T14:18:18.351939+00:00,rejected,3,Auto-rejected after BoZ source tuning: outside the 2018+ payment-rails scope or recurring admin/returns noise.,Ignore unless a historical background question needs it.
254,Bank of Zambia Regulatory Documents API,"2015-01-01 | Circulars | CB CIRCULAR NO 02/2015 REVISED CHARGES & PENALITIES FOR ZIPSS AND CSD | Tags: Financial Stability, Banks | File: https://www.boz.zm/sites/default/files/migrated/financial-stability/circulars/banks/2015/58CBCircularNo022015.pdf",https://www.boz.zm/sites/default/files/migrated/financial-stability/circulars/banks/2015/58CBCircularNo022015.pdf,fees,low,2026-05-09T14:18:18.351939+00:00,rejected,3,Auto-rejected after BoZ source tuning: outside the 2018+ payment-rails scope or recurring admin/returns noise.,Ignore unless a historical background question needs it.
255,Bank of Zambia Regulatory Documents API,"2015-01-01 | Circulars | CB CIRCULAR NO 03/2015 REVISION OF PENALTY FEES COLLECTED ON INSUFFICIENT fUNDS | Tags: Financial Stability, Banks | File: https://www.boz.zm/sites/default/files/migrated/financial-stability/circulars/banks/2015/58CBCircularNo032015.pdf",https://www.boz.zm/sites/default/files/migrated/financial-stability/circulars/banks/2015/58CBCircularNo032015.pdf,fees,medium,2026-05-09T14:18:18.351939+00:00,rejected,2,Auto-rejected after BoZ source tuning: outside the 2018+ payment-rails scope or recurring admin/returns noise.,Ignore unless a historical background question needs it.
256,Bank of Zambia Regulatory Documents API,"2015-01-01 | Circulars | CB CIRCULAR NO 06/2015 DIRECTIVE ON THE IMPLEMENTATION OF THE NATIONAL FINANCIAL SWITCH | Tags: Financial Stability, Banks | File: https://www.boz.zm/sites/default/files/migrated/financial-stability/circulars/banks/2015/58CBCircularNo062015.pdf",https://www.boz.zm/sites/default/files/migrated/financial-stability/circulars/banks/2015/58CBCircularNo062015.pdf,regulatory,low,2026-05-09T14:18:18.351939+00:00,rejected,3,Auto-rejected after BoZ source tuning: outside the 2018+ payment-rails scope or recurring admin/returns noise.,Ignore unless a historical background question needs it.
257,Bank of Zambia Regulatory Documents API,"2015-01-01 | Circulars | CB CIRCULAR NO 08/2015 AMENDMENT TO SETTLEMENT MECHANISM FOR CASH SHORTAGE | Tags: Financial Stability, Banks | File: https://www.boz.zm/sites/default/files/migrated/financial-stability/circulars/banks/2015/58CBCircularNo082015.pdf",https://www.boz.zm/sites/default/files/migrated/financial-stability/circulars/banks/2015/58CBCircularNo082015.pdf,regulatory,low,2026-05-09T14:18:18.351939+00:00,rejected,3,Auto-rejected after BoZ source tuning: outside the 2018+ payment-rails scope or recurring admin/returns noise.,Ignore unless a historical background question needs it.
258,Bank of Zambia Regulatory Documents API,"2015-01-01 | Circulars | CB CIRCULAR NO 10/2015 ZIPSS OPERATING RULES | Tags: Financial Stability, Banks | File: https://www.boz.zm/sites/default/files/migrated/financial-stability/circulars/banks/2015/58CBCirculaNo102015.pdf",https://www.boz.zm/sites/default/files/migrated/financial-stability/circulars/banks/2015/58CBCirculaNo102015.pdf,regulatory,low,2026-05-09T14:18:18.351939+00:00,rejected,3,Auto-rejected after BoZ source tuning: outside the 2018+ payment-rails scope or recurring admin/returns noise.,Ignore unless a historical background question needs it.
259,Bank of Zambia Regulatory Documents API,"2015-01-01 | Circulars | CB CIRCULAR NO 19/2015 REMOVAL OF INTEREST RATE CAPS AND CONSUMER PROTECTION MEASURES | Tags: Financial Stability, Banks | File: https://www.boz.zm/sites/default/files/migrated/financial-stability/circulars/banks/2015/58CBCirculaRNo192015.pdf",https://www.boz.zm/sites/default/files/migrated/financial-stability/circulars/banks/2015/58CBCirculaRNo192015.pdf,fees,low,2026-05-09T14:18:18.351939+00:00,rejected,3,Auto-rejected after BoZ source tuning: outside the 2018+ payment-rails scope or recurring admin/returns noise.,Ignore unless a historical background question needs it.
260,Bank of Zambia Regulatory Documents API,"2014-01-01 | Circulars | CB Circular No. 12/2014 - Revocation of the Bank of Zambia (Currency) Regulations ( tatutory Instrument No. 33 of 2012) and the Bank of Zambia (Balance of Payment monitoring) Regulations (Statutory Instrment No. 55 of 2013) | Tags: Financial Stability, Non-Banks | File: http",https://www.boz.zm/sites/default/files/migrated/financial-stability/circulars/non-banks/2014/Circularissued22April2014.pdf,repayment,low,2026-05-09T14:18:18.351939+00:00,rejected,3,Auto-rejected after BoZ source tuning: outside the 2018+ payment-rails scope or recurring admin/returns noise.,Ignore unless a historical background question needs it.
261,Bank of Zambia Regulatory Documents API,"2014-01-01 | Circulars | NB Circular issued on 18 September 2014 - Revised Police Clearance Fees | Tags: Financial Stability, Non-Banks | File: https://www.boz.zm/sites/default/files/migrated/financial-stability/circulars/non-banks/2014/Circularissued18September2014.pdf",https://www.boz.zm/sites/default/files/migrated/financial-stability/circulars/non-banks/2014/Circularissued18September2014.pdf,fees,medium,2026-05-09T14:18:18.351939+00:00,rejected,2,Auto-rejected after BoZ source tuning: outside the 2018+ payment-rails scope or recurring admin/returns noise.,Ignore unless a historical background question needs it.
262,Bank of Zambia Regulatory Documents API,"2014-01-01 | Circulars | CB CIRCULAR 06/2014 PENALTY ON LATE SETTLEMENT OF GRZ SECURITIES TRANSACTIONS | Tags: Financial Stability, Banks | File: https://www.boz.zm/sites/default/files/migrated/financial-stability/circulars/banks/2014/062014.pdf",https://www.boz.zm/sites/default/files/migrated/financial-stability/circulars/banks/2014/062014.pdf,repayment,low,2026-05-09T14:18:18.351939+00:00,rejected,3,Auto-rejected after BoZ source tuning: outside the 2018+ payment-rails scope or recurring admin/returns noise.,Ignore unless a historical background question needs it.
263,Bank of Zambia Regulatory Documents API,"2014-01-01 | Circulars | CB CIRCULAR 09/2014 AUTHORISED SIGNATORIES FOR SETTLEMENT IN FOREX MARKET OPERATIONS | Tags: Financial Stability, Banks | File: https://www.boz.zm/sites/default/files/migrated/financial-stability/circulars/banks/2014/092014.pdf",https://www.boz.zm/sites/default/files/migrated/financial-stability/circulars/banks/2014/092014.pdf,regulatory,low,2026-05-09T14:18:18.351939+00:00,rejected,3,Auto-rejected after BoZ source tuning: outside the 2018+ payment-rails scope or recurring admin/returns noise.,Ignore unless a historical background question needs it.
264,Bank of Zambia Regulatory Documents API,"2014-01-01 | Circulars | CB CIRCULAR 10/2014 TRAINING OF TRAINERS ON THE OPERATIONS OF THE MONTRAN RTGS SYSTEM | Tags: Financial Stability, Banks | File: https://www.boz.zm/sites/default/files/migrated/financial-stability/circulars/banks/2014/102014.pdf",https://www.boz.zm/sites/default/files/migrated/financial-stability/circulars/banks/2014/102014.pdf,regulatory,low,2026-05-09T14:18:18.351939+00:00,rejected,3,Auto-rejected after BoZ source tuning: outside the 2018+ payment-rails scope or recurring admin/returns noise.,Ignore unless a historical background question needs it.
265,Bank of Zambia Regulatory Documents API,"2014-01-01 | Circulars | CB CIRCULAR 18/2014 MANADATORY UAT MONTRAN RTGS | Tags: Financial Stability, Banks | File: https://www.boz.zm/sites/default/files/migrated/financial-stability/circulars/banks/2014/182014.pdf",https://www.boz.zm/sites/default/files/migrated/financial-stability/circulars/banks/2014/182014.pdf,regulatory,low,2026-05-09T14:18:18.351939+00:00,rejected,3,Auto-rejected after BoZ source tuning: outside the 2018+ payment-rails scope or recurring admin/returns noise.,Ignore unless a historical background question needs it.
266,Bank of Zambia Regulatory Documents API,"2014-01-01 | Circulars | CB CIRCULAR 23/2014 TREATMENT OF UNCLAIMED FUNDS FOR PAYMENT SYSTEM BUSINESSES | Tags: Financial Stability, Banks | File: https://www.boz.zm/sites/default/files/migrated/financial-stability/circulars/banks/2014/232014.pdf",https://www.boz.zm/sites/default/files/migrated/financial-stability/circulars/banks/2014/232014.pdf,repayment,low,2026-05-09T14:18:18.351939+00:00,rejected,3,Auto-rejected after BoZ source tuning: outside the 2018+ payment-rails scope or recurring admin/returns noise.,Ignore unless a historical background question needs it.
267,Bank of Zambia Regulatory Documents API,"2013-01-01 | Circulars | CB CIRCULAR 19/2013 AMENDMENT TO THE NATIONAL PAYMENT SYSTEM DIRECTIVE ON CHEQUES AND DIRECT DEBIT | Tags: Financial Stability, Banks | File: https://www.boz.zm/sites/default/files/migrated/financial-stability/circulars/banks/2013/192013ammendmentNationalPayment.pdf",https://www.boz.zm/sites/default/files/migrated/financial-stability/circulars/banks/2013/192013ammendmentNationalPayment.pdf,repayment,low,2026-05-09T14:18:18.351939+00:00,rejected,3,Auto-rejected after BoZ source tuning: outside the 2018+ payment-rails scope or recurring admin/returns noise.,Ignore unless a historical background question needs it.
268,Bank of Zambia Regulatory Documents API,"2013-01-01 | Circulars | CB CIRCULAR 22/2013 SETTLEMENT OF CASH SHORTAGES AND PENALTIES | Tags: Financial Stability, Banks | File: https://www.boz.zm/sites/default/files/migrated/financial-stability/circulars/banks/2013/222013settelmentcash.pdf",https://www.boz.zm/sites/default/files/migrated/financial-stability/circulars/banks/2013/222013settelmentcash.pdf,regulatory,low,2026-05-09T14:18:18.351939+00:00,rejected,3,Auto-rejected after BoZ source tuning: outside the 2018+ payment-rails scope or recurring admin/returns noise.,Ignore unless a historical background question needs it.
269,Bank of Zambia Regulatory Documents API,"2012-01-01 | Circulars | CB CIRCULAR 07/2012 REGISTRATION FEES ON REVISED NOMINAL CAPITAL | Tags: Financial Stability, Banks | File: https://www.boz.zm/sites/default/files/migrated/financial-stability/circulars/banks/2012/07-2012.pdf",https://www.boz.zm/sites/default/files/migrated/financial-stability/circulars/banks/2012/07-2012.pdf,fees,medium,2026-05-09T14:18:18.351939+00:00,rejected,2,Auto-rejected after BoZ source tuning: outside the 2018+ payment-rails scope or recurring admin/returns noise.,Ignore unless a historical background question needs it.
270,Bank of Zambia Regulatory Documents API,"2012-01-01 | Circulars | CB CIRCULAR 16/2012 SETTLEMENT OF CASH LEG OF LUSE TRADES THROUGH ZIPSS/RTGS | Tags: Financial Stability, Banks | File: https://www.boz.zm/sites/default/files/migrated/financial-stability/circulars/banks/2012/16-2012.pdf",https://www.boz.zm/sites/default/files/migrated/financial-stability/circulars/banks/2012/16-2012.pdf,regulatory,low,2026-05-09T14:18:18.351939+00:00,rejected,3,Auto-rejected after BoZ source tuning: outside the 2018+ payment-rails scope or recurring admin/returns noise.,Ignore unless a historical background question needs it.
271,Bank of Zambia Regulatory Documents API,"2010-01-01 | Circulars | CB CIRCULAR 02/2010 BANK OF ZAMBIA DIRECTIVES ON MANAGEMENT FEES | Tags: Financial Stability, Banks | File: https://www.boz.zm/sites/default/files/migrated/financial-stability/circulars/banks/2010/02-2010.pdf",https://www.boz.zm/sites/default/files/migrated/financial-stability/circulars/banks/2010/02-2010.pdf,fees,medium,2026-05-09T14:18:18.351939+00:00,rejected,2,Auto-rejected after BoZ source tuning: outside the 2018+ payment-rails scope or recurring admin/returns noise.,Ignore unless a historical background question needs it.
272,Bank of Zambia Regulatory Documents API,"2010-01-01 | Circulars | CB Circular No 09 of 2010 Treatment of Management Fees | Tags: Financial Stability, Banks | File: https://www.boz.zm/sites/default/files/migrated/financial-stability/circulars/banks/2010/CBCircularNo09of2010TreatmentofManagementFees.pdf",https://www.boz.zm/sites/default/files/migrated/financial-stability/circulars/banks/2010/CBCircularNo09of2010TreatmentofManagementFees.pdf,fees,medium,2026-05-09T14:18:18.351939+00:00,rejected,2,Auto-rejected after BoZ source tuning: outside the 2018+ payment-rails scope or recurring admin/returns noise.,Ignore unless a historical background question needs it.
273,Bank of Zambia Regulatory Documents API,2007-04-12 | Acts of Parliament | National Payment Systems Act | Tags: Payment Systems | File: https://www.boz.zm/sites/default/files/migrated/regulatory/NationalPaymentSystemAct2007.pdf,https://www.boz.zm/sites/default/files/migrated/regulatory/NationalPaymentSystemAct2007.pdf,repayment,high,2026-05-09T14:18:18.351939+00:00,rejected,1,Auto-rejected after BoZ source tuning: outside the 2018+ payment-rails scope or recurring admin/returns noise.,Ignore unless a historical background question needs it.
274,Bank of Zambia Regulatory Documents API,"2006-01-01 | Circulars | CB CIRCULAR 06/2006 PAYMENT OF ZAMBIA POLICE SECURITY SCREENING FEES | Tags: Financial Stability, Banks | File: https://www.boz.zm/sites/default/files/migrated/financial-stability/circulars/banks/2006/06-2006.pdf",https://www.boz.zm/sites/default/files/migrated/financial-stability/circulars/banks/2006/06-2006.pdf,fees,medium,2026-05-09T14:18:18.351939+00:00,rejected,2,Auto-rejected after BoZ source tuning: outside the 2018+ payment-rails scope or recurring admin/returns noise.,Ignore unless a historical background question needs it.
275,Bank of Zambia Regulatory Documents API,"2006-01-01 | Circulars | CB CIRCULAR 07/2006 PENALTY ON LATE SETTLEMENT OF FOREIGN EXCHANGE DEALS | Tags: Financial Stability, Banks | File: https://www.boz.zm/sites/default/files/migrated/financial-stability/circulars/banks/2006/07-2006.pdf",https://www.boz.zm/sites/default/files/migrated/financial-stability/circulars/banks/2006/07-2006.pdf,regulatory,low,2026-05-09T14:18:18.351939+00:00,rejected,3,Auto-rejected after BoZ source tuning: outside the 2018+ payment-rails scope or recurring admin/returns noise.,Ignore unless a historical background question needs it.
276,Bank of Zambia Regulatory Documents API,"2006-01-01 | Circulars | CB CIRCULAR 09/2006 SUBMISSION OF MONTHLY FOREIGN EXCHANGE PURCHASES AND SALES RETURNS FOR BALANCE OF PAYMENTS | Tags: Financial Stability, Banks | File: https://www.boz.zm/sites/default/files/migrated/financial-stability/circulars/banks/2006/09-2006.pdf",https://www.boz.zm/sites/default/files/migrated/financial-stability/circulars/banks/2006/09-2006.pdf,repayment,low,2026-05-09T14:18:18.351939+00:00,rejected,3,Auto-rejected after BoZ source tuning: outside the 2018+ payment-rails scope or recurring admin/returns noise.,Ignore unless a historical background question needs it.
277,Bank of Zambia Regulatory Documents API,"2004-01-01 | Circulars | CB CIRCULAR 03/2004 RESERVING OF FINANCIAL INSTRUMENTS FOR INTRA-DAY CREDIT IN ZIPSS | Tags: Financial Stability, Banks | File: https://www.boz.zm/sites/default/files/migrated/financial-stability/circulars/banks/2004/03-2004.pdf",https://www.boz.zm/sites/default/files/migrated/financial-stability/circulars/banks/2004/03-2004.pdf,regulatory,low,2026-05-09T14:18:18.351939+00:00,rejected,3,Auto-rejected after BoZ source tuning: outside the 2018+ payment-rails scope or recurring admin/returns noise.,Ignore unless a historical background question needs it.
278,Bank of Zambia Regulatory Documents API,"2003-01-01 | Circulars | CB CIRCULAR 04/2003 AUTHORISED SIGNATURE FOR SETTLEMENTS BY CHEQUES, DRAFT AND OTHER FINANCIAL INSTRUMENTS | Tags: Banks, Financial Stability | File: https://www.boz.zm/sites/default/files/migrated/financial-stability/circulars/banks/2003/04-2003.pdf",https://www.boz.zm/sites/default/files/migrated/financial-stability/circulars/banks/2003/04-2003.pdf,regulatory,low,2026-05-09T14:18:18.351939+00:00,rejected,3,Auto-rejected after BoZ source tuning: outside the 2018+ payment-rails scope or recurring admin/returns noise.,Ignore unless a historical background question needs it.
279,Bank of Zambia Regulatory Documents API,"2003-01-01 | Circulars | CB CIRCULARS 06/2003 ADDITIONAL AUTHORISED SIGNATURES FOR BANKING, CURRENCY AND PAYMENT SYSTEMS | Tags: Financial Stability, Banks | File: https://www.boz.zm/sites/default/files/migrated/financial-stability/circulars/banks/2003/06-2003.pdf",https://www.boz.zm/sites/default/files/migrated/financial-stability/circulars/banks/2003/06-2003.pdf,repayment,low,2026-05-09T14:18:18.351939+00:00,rejected,3,Auto-rejected after BoZ source tuning: outside the 2018+ payment-rails scope or recurring admin/returns noise.,Ignore unless a historical background question needs it.
280,Bank of Zambia Regulatory Documents API,"2003-01-01 | Circulars | CB CIRCULAR 21/2003 CONSOLIDATED NET SETTLEMENT POSITION | Tags: Financial Stability, Banks | File: https://www.boz.zm/sites/default/files/migrated/financial-stability/circulars/banks/2003/21-2003.pdf",https://www.boz.zm/sites/default/files/migrated/financial-stability/circulars/banks/2003/21-2003.pdf,regulatory,low,2026-05-09T14:18:18.351939+00:00,rejected,3,Auto-rejected after BoZ source tuning: outside the 2018+ payment-rails scope or recurring admin/returns noise.,Ignore unless a historical background question needs it.
281,Bank of Zambia Regulatory Documents API,"2002-01-01 | Circulars | CB CIRCULAR 02/2002 SUPERVISORY FEES | Tags: Financial Stability, Banks | File: https://www.boz.zm/sites/default/files/migrated/financial-stability/circulars/banks/2002/02-2002.pdf",https://www.boz.zm/sites/default/files/migrated/financial-stability/circulars/banks/2002/02-2002.pdf,fees,medium,2026-05-09T14:18:18.351939+00:00,rejected,2,Auto-rejected after BoZ source tuning: outside the 2018+ payment-rails scope or recurring admin/returns noise.,Ignore unless a historical background question needs it.
282,Bank of Zambia Regulatory Documents API,"2002-01-01 | Circulars | CB CIRCULAR 08/2002 AUTHORISED SIGNATORIES FOR SETTLEMENTS BY CHEQUE, DRAFT AND OTHER INSTRUMENTS | Tags: Financial Stability, Banks | File: https://www.boz.zm/sites/default/files/migrated/financial-stability/circulars/banks/2002/08-2002.pdf",https://www.boz.zm/sites/default/files/migrated/financial-stability/circulars/banks/2002/08-2002.pdf,regulatory,low,2026-05-09T14:18:18.351939+00:00,rejected,3,Auto-rejected after BoZ source tuning: outside the 2018+ payment-rails scope or recurring admin/returns noise.,Ignore unless a historical background question needs it.
283,Bank of Zambia Regulatory Documents API,"2002-01-01 | Circulars | CB CIRCULAR 12/2002 SETTLEMENT OF FOREIGN EXCHANGE TRANSACTIONS | Tags: Financial Stability, Banks | File: https://www.boz.zm/sites/default/files/migrated/financial-stability/circulars/banks/2002/12-2002.pdf",https://www.boz.zm/sites/default/files/migrated/financial-stability/circulars/banks/2002/12-2002.pdf,repayment,low,2026-05-09T14:18:18.351939+00:00,rejected,3,Auto-rejected after BoZ source tuning: outside the 2018+ payment-rails scope or recurring admin/returns noise.,Ignore unless a historical background question needs it.
284,Bank of Zambia Regulatory Documents API,"2002-01-01 | Circulars | CB CIRCULAR 20/2012 YEAR 2003 ANNUAL LICENCE FEES | Tags: Financial Stability, Banks | File: https://www.boz.zm/sites/default/files/migrated/financial-stability/circulars/banks/2002/20-2002.pdf",https://www.boz.zm/sites/default/files/migrated/financial-stability/circulars/banks/2002/20-2002.pdf,fees,medium,2026-05-09T14:18:18.351939+00:00,rejected,2,Auto-rejected after BoZ source tuning: outside the 2018+ payment-rails scope or recurring admin/returns noise.,Ignore unless a historical background question needs it.
285,Bank of Zambia Regulatory Documents API,"2001-01-01 | Circulars | CB CIRCULAR 05/2001 YEAR 2001 ANNUAL LICENCE FEES | Tags: Financial Stability, Banks | File: https://www.boz.zm/sites/default/files/migrated/financial-stability/circulars/banks/2001/05-2001.pdf",https://www.boz.zm/sites/default/files/migrated/financial-stability/circulars/banks/2001/05-2001.pdf,fees,medium,2026-05-09T14:18:18.351939+00:00,rejected,2,Auto-rejected after BoZ source tuning: outside the 2018+ payment-rails scope or recurring admin/returns noise.,Ignore unless a historical background question needs it.
286,Bank of Zambia Regulatory Documents API,"2001-01-01 | Circulars | CB CIRCULAR 29/2001 YEAR 2002 ANNUAL LICENCE FEES | Tags: Financial Stability, Banks | File: https://www.boz.zm/sites/default/files/migrated/financial-stability/circulars/banks/2001/29-2001.pdf",https://www.boz.zm/sites/default/files/migrated/financial-stability/circulars/banks/2001/29-2001.pdf,fees,medium,2026-05-09T14:18:18.351939+00:00,rejected,2,Auto-rejected after BoZ source tuning: outside the 2018+ payment-rails scope or recurring admin/returns noise.,Ignore unless a historical background question needs it.
287,Bank of Zambia Regulatory Documents API,"1999-01-01 | Circulars | CB CIRCULARS 02/1999 RE-DESIGNATION OF LICENCE FEES | Tags: Financial Stability, Banks | File: https://www.boz.zm/sites/default/files/migrated/financial-stability/circulars/banks/1999/02-1999.pdf",https://www.boz.zm/sites/default/files/migrated/financial-stability/circulars/banks/1999/02-1999.pdf,fees,medium,2026-05-09T14:18:18.351939+00:00,rejected,2,Auto-rejected after BoZ source tuning: outside the 2018+ payment-rails scope or recurring admin/returns noise.,Ignore unless a historical background question needs it.
288,Bank of Zambia Regulatory Documents API,"1998-01-01 | Circulars | CB CIRCULARS 03/1998 PAYMENT OF SUPERVISORY FEES | Tags: Financial Stability, Banks | File: https://www.boz.zm/sites/default/files/migrated/financial-stability/circulars/banks/1998/03-1998.pdf",https://www.boz.zm/sites/default/files/migrated/financial-stability/circulars/banks/1998/03-1998.pdf,fees,medium,2026-05-09T14:18:18.351939+00:00,rejected,2,Auto-rejected after BoZ source tuning: outside the 2018+ payment-rails scope or recurring admin/returns noise.,Ignore unless a historical background question needs it.
226,Bank of Zambia Regulatory Documents API,"2022-01-01 | Circulars | CB CIRCULAR NO. 17 OF 2022 CALENDAR FOR SUBMISSION OF MONTHLY MONEY RECEIPTS AND REMITTANCES RETURNS UNDER THE ELECTRONIC BALANCE OF PAYMENTS MONITORING FRAMEWORK | Tags: Financial Stability, Banks | File: https://www.boz.zm/sites/default/files/migrated/financial-stability/c",https://www.boz.zm/sites/default/files/migrated/financial-stability/circulars/banks/2022/CBCIRCULARNO.17OF2022CALENDARFORSUBMISSIONOFMONTHLYMONEYRECEIPTSANDREMITTANCESRETURNSUNDERTHEELECTRONICBALANCEOFPAYMENTSMONITORINGFRAMEWORK.pdf,repayment,low,2026-05-09T14:18:18.350936+00:00,rejected,3,Auto-rejected after BoZ source tuning: outside the 2018+ payment-rails scope or recurring admin/returns noise.,Ignore unless a historical background question needs it.
227,Bank of Zambia Regulatory Documents API,"2022-01-01 | Circulars | CB CIRCULAR NO. 18 OF 2022 Calendar for Submission of Payment Systems Returns for the Year 2023 | Tags: Financial Stability, Banks | File: https://www.boz.zm/sites/default/files/migrated/financial-stability/circulars/banks/2022/CBCIRCULARO19OF2022CALENDARFORSUBMISSIONOFPRUDE",https://www.boz.zm/sites/default/files/migrated/financial-stability/circulars/banks/2022/CBCIRCULARO19OF2022CALENDARFORSUBMISSIONOFPRUDENTIALRETURNSCREDITMARKETMONITORINGPROGRAMRETURNSQUARTERLYFINANCIALSTATEMENTSANDBANKCHARGESRevised1.pdf,fees,low,2026-05-09T14:18:18.350936+00:00,rejected,3,Auto-rejected after BoZ source tuning: outside the 2018+ payment-rails scope or recurring admin/returns noise.,Ignore unless a historical background question needs it.
233,Bank of Zambia Regulatory Documents API,"2021-01-01 | Circulars | CB CIRCULAR NO. 18 OF 2021 - CALENDAR FOR SUBMISSION OF PAYMENT SYSTEMS RETURNS FOR THE YEAR 2022 | Tags: Financial Stability, Banks | File: https://www.boz.zm/sites/default/files/migrated/financial-stability/circulars/banks/2021/CBCIRCULARNO.18OF2021CALENDARFORSUBMISSIONOFP",https://www.boz.zm/sites/default/files/migrated/financial-stability/circulars/banks/2021/CBCIRCULARNO.18OF2021CALENDARFORSUBMISSIONOFPAYMENTSYSTEMSRETURNSFORTHEYEAR2022.pdf,repayment,low,2026-05-09T14:18:18.350936+00:00,rejected,3,Auto-rejected after BoZ source tuning: outside the 2018+ payment-rails scope or recurring admin/returns noise.,Ignore unless a historical background question needs it.
235,Bank of Zambia Regulatory Documents API,"2020-01-01 | Circulars | CB CIRCULAR NO.01 OF 2020 CALENDAR FOR SUBMISSION OF PAYMENT SYSTEMS RETURNS FOR THE YEAR 2020 | Tags: Financial Stability, Banks | File: https://www.boz.zm/sites/default/files/migrated/financial-stability/circulars/banks/2020/CBCIRCULARNO.01OF2020CALENDARFORSUBMISSIONOFPAYM",https://www.boz.zm/sites/default/files/migrated/financial-stability/circulars/banks/2020/CBCIRCULARNO.01OF2020CALENDARFORSUBMISSIONOFPAYMENTSYSTEMSRETURNSFORTHEYEAR2020.pdf,repayment,low,2026-05-09T14:18:18.350936+00:00,rejected,3,Auto-rejected after BoZ source tuning: outside the 2018+ payment-rails scope or recurring admin/returns noise.,Ignore unless a historical background question needs it.
240,Bank of Zambia Regulatory Documents API,"2020-01-01 | Circulars | CB CIRCULAR NO. 32 OF 2020: CALENDAR FOR SUBMISSION OF PAYMENT SYSTEMS RETURNS FOR 2021 | Tags: Financial Stability, Banks | File: https://www.boz.zm/sites/default/files/migrated/financial-stability/circulars/banks/2020/2021CALENDARFORSUBMISSIONOFPAYMENTSYSTEMSRETURNS.pdf",https://www.boz.zm/sites/default/files/migrated/financial-stability/circulars/banks/2020/2021CALENDARFORSUBMISSIONOFPAYMENTSYSTEMSRETURNS.pdf,repayment,low,2026-05-09T14:18:18.350936+00:00,rejected,3,Auto-rejected after BoZ source tuning: outside the 2018+ payment-rails scope or recurring admin/returns noise.,Ignore unless a historical background question needs it.
241,Bank of Zambia Regulatory Documents API,"2019-01-01 | Circulars | CB CIRCULAR NO. 09 OF 2019: ELECTRONIC BALANCE OF PAYMENTS MONITORING FRAMEWORK | Tags: Financial Stability, Banks | File: https://www.boz.zm/sites/default/files/migrated/financial-stability/circulars/banks/2019/CBCIRCULARNO.09OF2019ELECTRONICBALANCEOFPAYMENTSMONITORINGFRAME",https://www.boz.zm/sites/default/files/migrated/financial-stability/circulars/banks/2019/CBCIRCULARNO.09OF2019ELECTRONICBALANCEOFPAYMENTSMONITORINGFRAMEWORK.pdf,repayment,low,2026-05-09T14:18:18.350936+00:00,rejected,3,Auto-rejected after BoZ source tuning: outside the 2018+ payment-rails scope or recurring admin/returns noise.,Ignore unless a historical background question needs it.
245,Bank of Zambia Regulatory Documents API,"2019-01-01 | Circulars | CB CIRCULAR NO. 02 OF 2019 CALENDAR FOR SUBMISSION OF PAYMENT SYSTEMS RETURNS FOR THE YEAR 2019 | Tags: Financial Stability, Banks | File: https://www.boz.zm/sites/default/files/migrated/financial-stability/circulars/banks/2019/CBCIRCULARNO.02OF2019CALENDARFORSUBMISSIONOFPAY",https://www.boz.zm/sites/default/files/migrated/financial-stability/circulars/banks/2019/CBCIRCULARNO.02OF2019CALENDARFORSUBMISSIONOFPAYMENTSYSTEMSRETURNSFORTHEYEAR2019.pdf,repayment,low,2026-05-09T14:18:18.350936+00:00,rejected,3,Auto-rejected after BoZ source tuning: outside the 2018+ payment-rails scope or recurring admin/returns noise.,Ignore unless a historical background question needs it.
249,Bank of Zambia Regulatory Documents API,"2015-01-01 | Circulars | CB Circular No. 9/2015 - The National Payment Systems Directives on Electronic Money Issuance | Tags: Financial Stability, Non-Banks | File: https://www.boz.zm/sites/default/files/migrated/financial-stability/circulars/non-banks/2015/Circularissued10July2015.pdf",https://www.boz.zm/sites/default/files/migrated/financial-stability/circulars/non-banks/2015/Circularissued10July2015.pdf,repayment,low,2026-05-09T14:18:18.350936+00:00,rejected,3,Auto-rejected after BoZ source tuning: outside the 2018+ payment-rails scope or recurring admin/returns noise.,Ignore unless a historical background question needs it.
250,Bank of Zambia Regulatory Documents API,"2015-01-01 | Circulars | NB Circular issued on 21 September 2015 - Revised Police Clearance Fees | Tags: Financial Stability, Non-Banks | File: https://www.boz.zm/sites/default/files/migrated/financial-stability/circulars/non-banks/2015/Circularissued21September2015.pdf",https://www.boz.zm/sites/default/files/migrated/financial-stability/circulars/non-banks/2015/Circularissued21September2015.pdf,fees,medium,2026-05-09T14:18:18.350936+00:00,rejected,2,Auto-rejected after BoZ source tuning: outside the 2018+ payment-rails scope or recurring admin/returns noise.,Ignore unless a historical background question needs it.
251,Bank of Zambia Regulatory Documents API,"2015-01-01 | Circulars | CB Circular No. 19/2015 - Removal of Interest Rates Caps and Consumer Protection Measures | Tags: Financial Stability, Non-Banks | File: https://www.boz.zm/sites/default/files/migrated/financial-stability/circulars/non-banks/2015/CircularIssued4November2015.pdf",https://www.boz.zm/sites/default/files/migrated/financial-stability/circulars/non-banks/2015/CircularIssued4November2015.pdf,fees,low,2026-05-09T14:18:18.350936+00:00,rejected,3,Auto-rejected after BoZ source tuning: outside the 2018+ payment-rails scope or recurring admin/returns noise.,Ignore unless a historical background question needs it.
252,Bank of Zambia Regulatory Documents API,"2015-01-01 | Circulars | CB CIRCULAR No. 09/2015 NATIONAL PAYMENT SYSTEM - ELECTRONIC MONEY ISSURANCE | Tags: Financial Stability, Banks | File: https://www.boz.zm/sites/default/files/migrated/financial-stability/circulars/banks/2015/58CBCircularNo092015.pdf",https://www.boz.zm/sites/default/files/migrated/financial-stability/circulars/banks/2015/58CBCircularNo092015.pdf,repayment,low,2026-05-09T14:18:18.350936+00:00,rejected,3,Auto-rejected after BoZ source tuning: outside the 2018+ payment-rails scope or recurring admin/returns noise.,Ignore unless a historical background question needs it.
203,Bank of Zambia Montran Gateway Mandatory Use Circular 2025,"Page 1: Bank of Zambia Montran Gateway Mandatory Use Circular 2025 PDF fetched, but no extractable text was found.",https://www.boz.zm/sites/default/files/migrated/financial-stability/circulars/banks/2025/CBCircularNo.04of2025MandatoryUseoftheMontranGatewayontheZambiaInterbankPaymentandSettlementSystem.pdf#page=1-item-1,regulatory,low,2026-05-09T14:16:34.839616+00:00,rejected,3,"Rejected during BoZ payment-rails curation: duplicate, historical background only, institution-specific item, or lower-priority infrastructure noise for this capability line.",Ignore for weekly notes unless a future deep-dive needs historical rail context.
202,Bank of Zambia Money Transfer Services Directives 2021,BoZ Money Transfer Services Directives 2021 (metadata-only PDF; manual read/OCR needed),https://www.boz.zm/sites/default/files/migrated/regulatory/202109NationalPaymentSystemsMoneyTransferServicesDirectives.pdf#page=1-item-1,regulatory,low,2026-05-09T14:16:34.224254+00:00,reviewed,2,Money-transfer directive placeholder. Useful for remittance/payment-service operating context.,"Manual-read for agent, transfer, disclosure, AML/CFT, and customer-service obligations relevant to payout/repayment rails."
201,Bank of Zambia ATM POS Internet Transactions and Mobile Payments Directive 2020,BoZ ATM/POS/Internet Transactions and Mobile Payments Directive 2020 (metadata-only PDF; manual read/OCR needed),https://www.boz.zm/sites/default/files/migrated/regulatory/202002DomesticAutomatedTellerMachinePointofSaleInternetTransactionsandMobilePayments.pdf#page=1-item-1,repayment,low,2026-05-09T14:16:32.635366+00:00,reviewed,1,"Core mobile-payments/payment-channel directive placeholder. PDF is public but text extraction failed, so manual read/OCR is needed.","Manual-read for failed transactions, authentication, reversals, disputes, fees, and channel-security expectations."
200,Bank of Zambia Customer Complaints Handling and Resolution Directives,BoZ Customer Complaints Handling and Resolution Directives (metadata-only PDF; manual read/OCR needed),https://www.boz.zm/sites/default/files/migrated/financial-stability/BankofZambiaCustomerComplaintsHandlingandResolutionDirectives1.pdf#page=1-item-1,complaint,medium,2026-05-09T14:16:31.833156+00:00,reviewed,1,"Core complaints-handling directive source placeholder. PDF is public but text extraction failed, so manual read/OCR is needed.","Manual-read for complaint intake, resolution timeframes, escalation, evidence retention, and customer communication norms."
199,Bank of Zambia Electronic Money Issuance Directives 2023,BoZ Electronic Money Issuance Directives 2023 (metadata-only PDF; manual read/OCR needed),https://www.boz.zm/sites/default/files/migrated/regulatory/Directive202307ElectronicMoneyIssuance2023.pdf#page=1-item-1,regulatory,low,2026-05-09T14:16:30.825142+00:00,reviewed,1,"Core e-money directive source placeholder. PDF is public but text extraction failed, so manual read/OCR is needed.","Manual-read the directive for e-money float, agents, customer funds, disclosure, and operational controls."
184,Data Protection Commission Zambia,"The Data Protection Commissioner (DPC) of Zambia is charged with the responsibility and central authority for overseeing and enforcing data protection regulations in Public bodies and Private Institutions through licensing of Auditors, registration of data processors and controllers, to ensuring tha",https://www.dataprotection.gov.zm/#item-76,privacy,low,2026-05-09T13:53:43.060914+00:00,reviewed,1,"Mandate mentions registration of data processors/controllers and licensing of auditors, which is directly relevant for lending operators and fintech vendors handling personal data.","Use as a practical checklist anchor: controller/processor status, registration, audit readiness."
185,Data Protection Commission Zambia,"Data Protection Enforcement: Ensure the effective enforcement of data protection laws in Zambia, safeguarding the privacy rights of individuals",https://www.dataprotection.gov.zm/#item-77,privacy,high,2026-05-09T13:53:43.060914+00:00,reviewed,1,"Data protection enforcement is relevant to any lending workflow involving KYC, app permissions, credit scoring, contact data, and customer communications.",Mark as high-priority privacy enforcement signal for future watch.
186,Data Protection Commission Zambia,"Compliance Oversight: Monitor and regulate organizations' compliance with data protection regulations, and promoting responsible data handling practices",https://www.dataprotection.gov.zm/#item-78,privacy,low,2026-05-09T13:53:43.060914+00:00,reviewed,1,"Compliance oversight and responsible data handling are directly relevant to lending apps that collect identity, phone, repayment, and behavioral data.",Use as a core DPC conduct signal for lending app data practices.
187,Data Protection Commission Zambia,"Public Education: Educate individuals and organizations about data protection rights and responsibilities, fostering a culture of privacy awareness",https://www.dataprotection.gov.zm/#item-79,privacy,high,2026-05-09T13:53:43.060914+00:00,reviewed,1,"Public education on data protection rights/responsibilities suggests customer understanding is part of the privacy-risk surface, not only backend compliance.",Use in personal notes when evaluating app permission wording and FAQ clarity.
188,Data Protection Commission Zambia,International Cooperation: Collaborate with international data protection authorities to facilitate cross-border data transfers and ensure global data protection standards are upheld.,https://www.dataprotection.gov.zm/#item-81,privacy,low,2026-05-09T13:53:43.060914+00:00,reviewed,2,"International cooperation and cross-border transfers matter for fintech vendors, cloud tools, KYC providers, scoring APIs, and cross-border SaaS serving Zambia.",Track as market question evidence for privacy_lending_apps and fintech vendor architecture.
189,Data Protection Commission Zambia,Data Protection Act Learn More,http://www.dataprotection.gov.zm/wp-content/uploads/2024/06/Act-No.-3-The-Data-Protection-Act-2021_0-2.pdf,privacy,low,2026-05-09T13:53:43.060914+00:00,reviewed,1,Data Protection Act PDF is the strongest primary source for future manual reading and taxonomy extraction.,"Create a follow-up task to manually extract lending-relevant concepts: controller, processor, consent, rights, registration, audit, cross-border transfer."
190,Data Protection Commission Zambia,"Control Your Data, Protect Your Rights",https://www.dataprotection.gov.zm/#item-93,privacy,low,2026-05-09T13:53:43.060914+00:00,reviewed,1,"Rights-control public message overlaps directly with lending onboarding, KYC, contact permissions, app data safety, and consent comprehension.",Track as a recurring privacy-awareness signal.
191,Data Protection Commission Zambia,"PRESS BRIEFING BY THE NATIONAL COORDINATOR, MR. PERCY CHINYAMA ON THE ESTABLISHMENT OF THE OFFICE OF THE DATA PROTECTION COMMISSIONER",https://www.dataprotection.gov.zm/press-briefing-by-the-national-coordinator-mr-percy-chinyama-on-the-establishment-of-the-office-of-the-data-protection-commissioner/,privacy,low,2026-05-09T13:53:43.060914+00:00,reviewed,3,"Background source on establishment of the Data Protection Commissioner office. Useful institutional context, less operational than Act/rights/enforcement pages.",Keep as institutional context for regulatory_surface; do not over-weight in weekly notes.
192,Data Protection Commission Zambia,"Data in Your Hands, Rights in Your Control",https://www.dataprotection.gov.zm/data-in-your-hands-rights-in-your-control/,privacy,low,2026-05-09T13:53:43.060914+00:00,reviewed,1,"Public rights-control framing: data subjects should understand and control their personal data. Strongly relevant to lending app permissions, consent, and customer-facing privacy language.",Use as a high-level privacy UX principle for public loan-app review.
180,Data Protection Commission Zambia,Guidelines Registration Other Audit,https://www.dataprotection.gov.zm/#item-61,privacy,low,2026-05-09T13:53:43.059924+00:00,rejected,3,Navigation cluster duplicate; not a substantive signal.,Keep out of personal notes unless a more substantive source page is linked.
181,Data Protection Commission Zambia,Legal Framework Act Regulations Quick Guide Guidelines Registration Other Audit,https://www.dataprotection.gov.zm/#item-62,regulatory,low,2026-05-09T13:53:43.059924+00:00,rejected,3,Navigation cluster duplicate; not a substantive signal.,Keep out of personal notes unless a more substantive source page is linked.
182,Data Protection Commission Zambia,Welcome to the Data Protection Commission (DPC),https://www.dataprotection.gov.zm/#item-74,privacy,low,2026-05-09T13:53:43.059924+00:00,rejected,3,Welcome-page title only; lower value than mandate/details items.,Keep out of personal notes unless a more substantive source page is linked.
183,Data Protection Commission Zambia,Mandate of the Data Protection Commission in Zambia,https://www.dataprotection.gov.zm/#item-75,privacy,low,2026-05-09T13:53:43.059924+00:00,reviewed,2,Mandate page title is broad but useful as a source anchor for DPC institutional mandate.,Keep as low-detail source anchor; prefer richer mandate text from signal 184.
176,Data Protection Commission Zambia,Data Protection Commission,https://www.dataprotection.gov.zm,privacy,low,2026-05-09T13:53:43.058891+00:00,rejected,3,Generic homepage title; exact-title noise.,Keep out of personal notes unless a more substantive source page is linked.
177,Data Protection Commission Zambia,Data Protection Commission,https://www.dataprotection.gov.zm/#item-1,privacy,low,2026-05-09T13:53:43.058891+00:00,rejected,3,Generic page title; exact-title noise.,Keep out of personal notes unless a more substantive source page is linked.
178,Data Protection Commission Zambia,Guidelines Registration Other Audit,https://www.dataprotection.gov.zm/#item-26,privacy,low,2026-05-09T13:53:43.058891+00:00,rejected,3,Navigation cluster duplicate; not a substantive signal.,Keep out of personal notes unless a more substantive source page is linked.
179,Data Protection Commission Zambia,Legal Framework Act Regulations Quick Guide Guidelines Registration Other Audit,https://www.dataprotection.gov.zm/#item-27,regulatory,low,2026-05-09T13:53:43.058891+00:00,rejected,3,Navigation cluster duplicate; not a substantive signal.,Keep out of personal notes unless a more substantive source page is linked.
31,Competition and Consumer Protection Commission Notices,CCPC is determined to work towards safer markets that will ensure business compliance and a more informed consumer base that will access services and products with confidence.,https://www.ccpc.org.zm/#item-115,news_signal,low,2026-05-09T13:49:50.209915+00:00,reviewed,2,"General CCPC positioning on safer markets, business compliance, and informed consumers. Useful as a broad conduct-risk lens for lending disclosure and customer communications.","Map this to disclosure, support, and customer-education themes in weekly notes."
33,Competition and Consumer Protection Commission Notices,"On 7th September 2023, The Competition and Consumer Protection Commission and the Namibian Competiton Commission (NaCC) signed a memorandum of understanding on strengthening cooperation in competition law enforcement between the two countries at Kenneth Kaunda Conference Centre in Lusaka on . The MO",https://www.ccpc.org.zm/#item-117,regulatory,low,2026-05-09T13:49:50.209915+00:00,rejected,3,Regional MoU with Namibia is too general for current lending research queue; keep only the stronger regional/e-commerce MoU item already reviewed.,Keep out of weekly personal notes unless a stronger lending-specific connection appears.
34,Competition and Consumer Protection Commission Notices,"The Competition and Consumer Protection Commission (CCPC) signed a revised Memorandum of Understanding (MoU) with the COMESA Competition Commission (CCC) on 4th November, 2022 at Lusaka’s Mulungushi International Conference Center. The MoU has areas of cooperation which include; regional e-commerce ",https://www.ccpc.org.zm/#item-123,regulatory,low,2026-05-09T13:49:50.209915+00:00,reviewed,2,"Regional consumer-protection cooperation signal. Useful mainly as context that e-commerce and cross-border consumer protection are part of CCPC cooperation, not a direct lending signal.",Keep as background evidence for market-question regulatory_surface; do not over-weight for lending-specific conclusions.
7,Competition and Consumer Protection Commission Notices,Competition & Consumer Protection Commission,https://www.ccpc.org.zm/,regulatory,low,2026-05-09T13:49:50.208906+00:00,rejected,3,Homepage/root link; not a specific signal.,Keep out of weekly personal notes unless a stronger lending-specific connection appears.
9,Competition and Consumer Protection Commission Notices,Restrictive Business Practices,https://www.ccpc.org.zm/rbpdetails,regulatory,low,2026-05-09T13:49:50.208906+00:00,rejected,3,Broad restrictive business practices page; useful background but not a specific weekly lending signal.,Keep out of weekly personal notes unless a stronger lending-specific connection appears.
10,Competition and Consumer Protection Commission Notices,PUBLIC NOTICE: CONSUMER RIGHTS AND ONGOING INQUIRY,https://www.ccpc.org.zm/details/137,regulatory,low,2026-05-09T13:49:50.208906+00:00,reviewed,1,Canonical details-page version of CCPC public notice on consumer rights and ongoing inquiry. Better source URL than homepage fragment duplicates.,Prefer details-page URLs over homepage fragment items when both are available.
11,Competition and Consumer Protection Commission Notices,"A TOTAL OF K8,817.00 IN NON-COMPLIANCE GOODS SEIZED DURING JOINT INSPECTION AT CHILENJE MARKET",https://www.ccpc.org.zm/details/122,news_signal,low,2026-05-09T13:49:50.208906+00:00,rejected,3,Goods seizure details; unrelated to lending research.,Keep out of weekly personal notes unless a stronger lending-specific connection appears.
13,Competition and Consumer Protection Commission Notices,Competition and Consumer Protection Commission- Zambia Competition and Consumer Protection Commission- Zambia,https://www.facebook.com/CompComZambia?__cft__[0]=AZaPnYMx-uA_UFAyeTiFXkhI_eYf1LpC88squ6hrJ6lM2cXNxaGJZLHJ3DPYTaNPPnKpMeMl1U-7axyVPLMeXfeKWoLh0b9ZwSAtgbAUKqyU2sTiZ_UN5-sctn3kvjAyfkDvYeU2FxBn50tW8p93puzK&__tn__=-]K-R,regulatory,low,2026-05-09T13:49:50.208906+00:00,rejected,3,Facebook page link only; not a specific public-source signal.,Keep out of weekly personal notes unless a stronger lending-specific connection appears.
15,Competition and Consumer Protection Commission Notices,International Consumer Protection and Enforcement Network,https://www.icpen.org/,regulatory,low,2026-05-09T13:49:50.208906+00:00,rejected,3,"External network link only; keep for manual source discovery, not as a signal.",Keep out of weekly personal notes unless a stronger lending-specific connection appears.
17,Competition and Consumer Protection Commission Notices,PUBLIC NOTICE: CONSUMER RIGHTS AND ONGOING INQUIRY,https://www.ccpc.org.zm/#item-88,regulatory,low,2026-05-09T13:49:50.208906+00:00,rejected,3,Homepage fragment duplicate of details-page public notice already reviewed.,Keep out of weekly personal notes unless a stronger lending-specific connection appears.
18,Competition and Consumer Protection Commission Notices,"A TOTAL OF K8,817.00 IN NON-COMPLIANCE GOODS SEIZED DURING JOINT INSPECTION AT CHILENJE MARKET",https://www.ccpc.org.zm/#item-90,news_signal,low,2026-05-09T13:49:50.208906+00:00,rejected,3,Goods seizure headline; unrelated to lending research.,Keep out of weekly personal notes unless a stronger lending-specific connection appears.
20,Competition and Consumer Protection Commission Notices,Competition & Consumer Protection Commission,https://www.ccpc.org.zm/#item-92,regulatory,low,2026-05-09T13:49:50.208906+00:00,rejected,3,"Header/navigation item, not a market signal.",Keep out of weekly personal notes unless a stronger lending-specific connection appears.
21,Competition and Consumer Protection Commission Notices,Competition & Consumer Protection Commission,https://www.ccpc.org.zm/#item-93,regulatory,low,2026-05-09T13:49:50.208906+00:00,rejected,3,"Header/navigation item, not a market signal.",Keep out of weekly personal notes unless a stronger lending-specific connection appears.
22,Competition and Consumer Protection Commission Notices,Understanding Consumer Rights and Business Obligations Understanding Consumer Rights and Business Obligations,https://www.ccpc.org.zm/#item-102,regulatory,low,2026-05-09T13:49:50.208906+00:00,rejected,3,Duplicate title-only item; details page signal is more useful.,Keep out of weekly personal notes unless a stronger lending-specific connection appears.
23,Competition and Consumer Protection Commission Notices,"The Competition and Consumer Protection Commission (“the Commission”) wishes to remind members of the public that the law provides for fair, transparent, and honest conduct in the marketplace. Consumers are entitled to receive accurate and sufficient information about goods and services to enable th",https://www.ccpc.org.zm/#item-103,regulatory,low,2026-05-09T13:49:50.208906+00:00,reviewed,1,"Accurate and sufficient information for consumer decisions is a core principle for lending app onboarding, terms, fees, and repayment communication.",Use as a high-level regulatory/conduct principle in personal notes.
24,Competition and Consumer Protection Commission Notices,"In particular, businesses are required to clearly communicate key terms relating to their services, including operating hours, conditions for access, pricing, and any limitations that may reasonably affect a consumer’s decision to engage with the service. Where such information is provided, it shoul",https://www.ccpc.org.zm/#item-104,fees,high,2026-05-09T13:49:50.208906+00:00,reviewed,1,"Requirement to clearly communicate key service terms, pricing, and limitations is highly relevant to digital lending offers, fees, eligibility, and repayment terms.",Use as a core taxonomy anchor for fees/disclosure review.
25,Competition and Consumer Protection Commission Notices,"The law further prohibits unfair trading practices, including misleading representations, false or incomplete disclosure of material information, and conduct that may be considered unconscionable. These provisions are designed to promote fairness, accountability, and confidence in the marketplace fo",https://www.ccpc.org.zm/#item-105,news_signal,high,2026-05-09T13:49:50.208906+00:00,reviewed,1,"Unfair trading practices, misleading representations, false/incomplete material disclosure are directly relevant to loan pricing, fees, tenor, repayment, and collections wording.",Track as a high-value conduct-risk signal for public lending-app and website review.
26,Competition and Consumer Protection Commission Notices,Consumers are also encouraged to seek clarification where information is unclear and to report concerns where they believe their rights may have been infringed. Consumers are also encouraged to seek clarification where information is unclear and to report concerns where they believe their rights may,https://www.ccpc.org.zm/#item-106,news_signal,low,2026-05-09T13:49:50.208906+00:00,reviewed,1,Consumers are encouraged to seek clarification and report concerns when rights may be infringed. Strongly relevant to lending UX: unclear pricing or repayment terms can become complaint triggers.,Use as evidence for the complaint_themes and disclosure-related market questions.
27,Competition and Consumer Protection Commission Notices,The Commission will provide an update to the public at an appropriate time. The Commission remains committed to promoting fair trading practices and safeguarding consumer rights across all sectors of the economy. The Commission will provide an update to the public at an appropriate time. The Commiss,https://www.ccpc.org.zm/#item-111,regulatory,low,2026-05-09T13:49:50.208906+00:00,rejected,3,Repeated generic commission update language; no specific market signal.,Keep out of weekly personal notes unless a stronger lending-specific connection appears.
28,Competition and Consumer Protection Commission Notices,"Throughout March 2026, the Competition and Consumer Protection Commission (CCPC) conducted a series of routine inspections and sensitisation exercises across Zambia in collaboration with local authorities and partner institutions. The activities focused on promoting consumer welfare, product safety,",https://www.ccpc.org.zm/#item-112,regulatory,low,2026-05-09T13:49:50.208906+00:00,reviewed,3,Routine inspections and sensitisation across Zambia are broad consumer-protection activity. Useful for source context but not specifically digital lending.,Keep as low-priority context; avoid treating as lending-specific without stronger evidence.
30,Competition and Consumer Protection Commission Notices,"Sensitisation activities were also conducted across the country. In Solwezi, CCPC partnered with the Pensions and Insurance Authority to hold a consumer rights sensitisation at Mitech Market featuring dance, sketches, and one-on-one engagements. In Kasama, learners from Kasama Boys Secondary School ",https://www.ccpc.org.zm/#item-114,repayment,medium,2026-05-09T13:49:50.208906+00:00,reviewed,2,Consumer sensitisation with the Pensions and Insurance Authority suggests CCPC collaborates with financial-sector-adjacent regulators on public education.,"Track whether public education themes connect to credit, insurance, pensions, mobile money, or lending-adjacent conduct."
12,Competition and Consumer Protection Commission Notices,"GOODS WORTH K2,198.00 SEIZED DURING AN INSPECTION AT KAUNDA SQUARE MARKET IN LUSAKA",https://www.ccpc.org.zm/details/123,news_signal,low,2026-05-09T13:37:49.268593+00:00,rejected,3,Goods seizure details; unrelated to lending research.,Keep out of weekly personal notes unless a stronger lending-specific connection appears.
19,Competition and Consumer Protection Commission Notices,"GOODS WORTH K2,198.00 SEIZED DURING AN INSPECTION AT KAUNDA SQUARE MARKET IN LUSAKA",https://www.ccpc.org.zm/#item-91,news_signal,low,2026-05-09T13:37:49.268593+00:00,rejected,3,Goods seizure headline; unrelated to lending research.,Keep out of weekly personal notes unless a stronger lending-specific connection appears.
29,Competition and Consumer Protection Commission Notices,"Enforcement actions resulted in the seizure of non-compliant and expired goods valued at a combined total of K62,647.40 across multiple districts. In Lusaka Province, joint inspections at Chilenje Market and Kaunda Square Market led to the seizure of goods worth K8,817.00 and K2,198.00 respectively.",https://www.ccpc.org.zm/#item-113,news_signal,low,2026-05-09T13:37:49.268593+00:00,rejected,3,Non-compliant/expired goods seizure; unrelated to lending or digital financial services.,Keep out of weekly personal notes unless a stronger lending-specific connection appears.
32,Competition and Consumer Protection Commission Notices,#CCPCZambia #Consumerwelfare #Faircompetition,https://www.ccpc.org.zm/#item-116,regulatory,low,2026-05-09T13:37:49.268593+00:00,rejected,3,Hashtag-only social snippet; not a substantive market signal.,Keep out of weekly personal notes unless a stronger lending-specific connection appears.
35,Competition and Consumer Protection Commission Notices,Copyright © 2020 Competition & Consumer Protection Commission. All Rights Reserved.,https://www.ccpc.org.zm/#item-136,regulatory,low,2026-05-09T13:37:49.268593+00:00,rejected,3,"Boilerplate copyright footer, not a useful market signal.",Tighten source selector or add boilerplate filtering for CCPC.
2,Data Protection Commission Zambia,Data Protection Commission public page highlights data-subject rights and responsible personal-data handling,https://www.dataprotection.gov.zm/,privacy,high,2026-05-03T18:31:33.840976+00:00,reviewed,1,Sample reviewed item for pilot template testing.,"Review consent, data-permission, and privacy wording in customer-facing journeys."
3,Competition and Consumer Protection Commission Notices,"CCPC public notice language reinforces clear, truthful, and sufficient consumer information",https://www.ccpc.org.zm/,regulatory,low,2026-05-03T18:31:33.840976+00:00,reviewed,3,Sample reviewed item for pilot template testing.,Review support macros and escalation rules for repeated complaint themes.
1,ZICTA DFS Incident Reporting System,DFS Incident Reporting System lists mobile payment fraud and incomplete transaction as reportable public categories,https://dfscomplaints.zicta.zm/,complaint,high,2026-05-03T18:31:33.839966+00:00,reviewed,1,Sample reviewed item for pilot template testing.,Review support macros and escalation rules for repeated complaint themes.
